x, y, theta, stamp, 
-1.6949794952107042, -0.8334815284718301, -0.2763690095187009, 282939000000, 
